{
    "accuracy": 0.14738870497554227,
    "precision": 0.09314503332275469,
    "recall": 0.9407051282051282,
    "f1": 0.16950620848974876
}