{
    "accuracy": 0.1573694352487771,
    "precision": 0.09310677530017153,
    "recall": 0.9278846153846154,
    "f1": 0.16923226812159003
}