{
    "accuracy": 0.14368298828993528,
    "precision": 0.09401754293817953,
    "recall": 0.9561965811965812,
    "f1": 0.171201759839319
}