{
    "accuracy": 0.12846484510104253,
    "precision": 0.0933615309227833,
    "recall": 0.9668803418803419,
    "f1": 0.17028082223999247
}