{
    "accuracy": 0.1441276742922081,
    "precision": 0.09294973126778375,
    "recall": 0.9423076923076923,
    "f1": 0.16920863309352518
}